Rank,Channel Name,Subscribers (M),Total Views (B),Primary Subject,Target Exam,Model,Country,Year Started,Avg Views Per Video (K)
1,Physics Wallah,12.8,1.8,Physics/Chem,JEE/NEET,Freemium,India,2014,850
2,Vedantu,8.2,0.95,All Subjects,JEE/NEET/Boards,Freemium,India,2014,420
3,Unacademy,6.5,0.72,All Subjects,JEE/NEET,Freemium,India,2015,310
4,Aakash Digital,3.1,0.38,All Subjects,JEE/NEET,Paid,India,2016,180
5,Khan Academy India,2.8,0.41,Maths/Science,Boards,Free,India,2013,220
6,Mathongo,2.1,0.29,Maths,JEE,Freemium,India,2017,310
7,Neev by PW,1.9,0.21,All Subjects,Boards,Freemium,India,2020,195
8,Apni Kaksha,3.4,0.44,All Subjects,Boards/JEE,Free,India,2019,380
9,Magnet Brains,4.1,0.61,All Subjects,Boards,Free,India,2018,290
10,Exam Fear,1.2,0.31,Science/Maths,Boards,Free,India,2011,140
11,Let's Tute,0.98,0.18,All Subjects,Boards,Free,India,2013,95
12,Commerce Wallah by PW,1.4,0.16,Commerce,Boards,Freemium,India,2021,175
13,Xylem App,1.1,0.22,All Subjects,Boards/KEAM,Freemium,India,2017,160
14,Infinity Learn,2.3,0.27,All Subjects,JEE/NEET,Freemium,India,2019,210
15,BYJU'S,5.8,0.68,All Subjects,JEE/NEET/Boards,Paid,India,2015,270
16,Doubtnut,3.7,0.43,Maths/Science,JEE/NEET,Freemium,India,2017,245
17,Motion Education,0.87,0.11,Physics/Maths,JEE,Paid,India,2018,88
18,Resonance Eduventures,0.76,0.09,All Subjects,JEE/NEET,Paid,India,2019,72
19,Career Point,0.65,0.08,All Subjects,JEE/NEET,Paid,India,2018,65
20,V Mathematics,0.54,0.07,Maths,JEE/Boards,Free,India,2016,58
